Domain,Category
storefront.design,Follow On
godly.website,Directory
godly.website,Info
browsingmode.com,Browsingmode.Com
browsingmode.com,Information
browsingmode.com,Mpty
lapa.ninja,All Freebies
lapa.ninja,Free Ui Kits
lapa.ninja,Free Illustrations
lapa.ninja,Free Landing Pages
lapa.ninja,Free Icons
lapa.ninja,Free Mockups
lapa.ninja,Free Wireframes
lapa.ninja,Sketch
lapa.ninja,Adobe Xd
lapa.ninja,Figma
lapa.ninja,Svg Files
lapa.ninja,Adobe Illustrator
lapa.ninja,Photoshop
lapa.ninja,Free Illustrations Library For Your Project
lapa.ninja,Top Free Resources For Svg Patterns
lapa.ninja,The Best Free Stock Photo Sites
lapa.ninja,Free Svg Icon Resources For Designers
lapa.ninja,The Ultimate Ui Design Roadmap
lapa.ninja,Law By Design
lapa.ninja,The Ui & Ux Tips Collection: Volume One
lapa.ninja,Ai Startup Free Website Ui Kit
lapa.ninja,Cooking Free Template For Figma
lapa.ninja,Open Fashion - Free Ecommerce Ui Kit For Figma
lapa.ninja,Collections
lapa.ninja,Templates
lapa.ninja,Learn Design
lapa.ninja,Lapa Blog
lapa.ninja,Webflow Free Templates
lapa.ninja,Framer Free Templates
lapa.ninja,Carrd Free Templates
lapa.ninja,Free Books
lapa.ninja,Saas
lapa.ninja,Ecommerce
lapa.ninja,Dark Mode
lapa.ninja,Agency
lapa.ninja,Portfolio
lapa.ninja,App
lapa.ninja,Artificial Intelligence
lapa.ninja,Beauty
lapa.ninja,Blockchain
lapa.ninja,Blog
lapa.ninja,Book
lapa.ninja,Bot
lapa.ninja,Business
lapa.ninja,Cms
lapa.ninja,Coming Soon
lapa.ninja,Community
lapa.ninja,Corporate
lapa.ninja,Creative
lapa.ninja,Cryptocurrency
lapa.ninja,Culture
lapa.ninja,Design Tools
lapa.ninja,No-Code Tools
lapa.ninja,Development Tools
lapa.ninja,Education
lapa.ninja,Entertainment
lapa.ninja,Event
lapa.ninja,Fashion
lapa.ninja,Finance
lapa.ninja,Foundry
lapa.ninja,Food & Drinks
lapa.ninja,Furniture & Interiors
lapa.ninja,Gradient Style
lapa.ninja,Health & Fitness
lapa.ninja,Hosting
lapa.ninja,Illustration
lapa.ninja,Insurance
lapa.ninja,Isometric
lapa.ninja,Magazine
lapa.ninja,Minimal
lapa.ninja,Miscellaneous
lapa.ninja,Nfts
lapa.ninja,Outdoors & Travel
lapa.ninja,Photography
lapa.ninja,Product Management
lapa.ninja,Productivity
lapa.ninja,Prototype
lapa.ninja,Real Estate
lapa.ninja,Retro Style
lapa.ninja,Software
lapa.ninja,Studio
lapa.ninja,Technology
lapa.ninja,Typography
lapa.ninja,Ventures
lapa.ninja,Aqua
lapa.ninja,Black
lapa.ninja,Blue
lapa.ninja,Brown
lapa.ninja,Gray
lapa.ninja,Green
lapa.ninja,Maroon
lapa.ninja,Multiple Colors
lapa.ninja,Navy
lapa.ninja,Olive
lapa.ninja,Orange
lapa.ninja,Pink
lapa.ninja,Purple
lapa.ninja,Red
lapa.ninja,Teal
lapa.ninja,Ultra Violet
lapa.ninja,White
lapa.ninja,Yellow
siteinspire.com,Websites
siteinspire.com,Directory
siteinspire.com,Sponsorship
siteinspire.com,Styles
siteinspire.com,Types
siteinspire.com,Subjects
siteinspire.com,Platforms
siteinspire.com,Search
siteinspire.com,Siteinspire
siteinspire.com,Reown
siteinspire.com,Simmonds Ltd
siteinspire.com,Makebardo
siteinspire.com,Rss
siteinspire.com,Email
siteinspire.com,Howells—Studio
minimal.gallery,Made By Piet
minimal.gallery,Legal Notice
minimal.gallery,Websites
minimal.gallery,Templates
minimal.gallery,Talents
minimal.gallery,Tools
minimal.gallery,Domains
minimal.gallery,Minimal Gallery
minimal.gallery,Sponsor
minimal.gallery,Submit
land-book.com,Websites
land-book.com,Sections
land-book.com,Templates
land-book.com,Build
land-book.com,Add Website
land-book.com,Sign In
land-book.com,Sign Up
land-book.com,New Board
land-book.com,Submission Guidelines
land-book.com,Changelog
land-book.com,Advertise
land-book.com,"Yes, We Use Cookies"
landingfolio.com,Inspiration
landingfolio.com,Landing Page
landingfolio.com,Component Library
landingfolio.com,Templates
landingfolio.com,Learn
landingfolio.com,Tools
landingfolio.com,Pricing
landingfolio.com,Submit A Design
landingfolio.com,Cookie Policy
landingfolio.com,Licensing Agreement
landingfolio.com,Free Logos
landingfolio.com,Mockup Generator
landingfolio.com,Figma Component Library
landingfolio.com,Webflow Cloneables
landingfolio.com,Components
awwwards.com,Honor Mentions
awwwards.com,Nominees
awwwards.com,Sites Of The Day
awwwards.com,Sites Of The Month
awwwards.com,Sites Of The Year
awwwards.com,Honorsnew
awwwards.com,Most Awarded Profiles
awwwards.com,Portfolio Websites
awwwards.com,Free Fonts
awwwards.com,Animated Websites
awwwards.com,Scrolling
awwwards.com,One Page Design
awwwards.com,Ui Design
awwwards.com,E-Commerce Layouts
awwwards.com,Architecture Websites
awwwards.com,Photography Websites
awwwards.com,E-Commerce
awwwards.com,Architecture
awwwards.com,Restaurant & Hotel
awwwards.com,Design Agencies
awwwards.com,Business & Corporate
awwwards.com,Fashion
awwwards.com,Mobile & Apps
awwwards.com,Interaction Design
awwwards.com,Illustration
awwwards.com,Header Design
awwwards.com,Css Animations
awwwards.com,Wordpress
awwwards.com,Shopify
awwwards.com,Webgl Sites
awwwards.com,React Websites
awwwards.com,Figma
awwwards.com,Gsap
awwwards.com,Framer
awwwards.com,Webflow
awwwards.com,Collections
awwwards.com,Jobs
awwwards.com,Blog
awwwards.com,Directory
awwwards.com,Academy
awwwards.com,Market
awwwards.com,Winners
awwwards.com,Elements
awwwards.com,Courses
awwwards.com,Masterclasses
awwwards.com,Professionals
awwwards.com,Internationals
awwwards.com,Freelancers
awwwards.com,Agencies & Studios
awwwards.com,Jury
awwwards.com,Products
awwwards.com,Awards Honorsnew
awwwards.com,Websites
awwwards.com,Conferences
awwwards.com,Faqs
awwwards.com,Valencia & Nyc
awwwards.com,Cookies Policy
awwwards.com,Developer
awwwards.com,Honorable Mention
awwwards.com,Typography Honors
awwwards.com,No-Code Honors
awwwards.com,E-Commerce Honors
awwwards.com,Product Honors
awwwards.com,Portfolio Honors
awwwards.com,Business & Services Honors
awwwards.com,Art & Illustration
awwwards.com,Culture & Education
awwwards.com,Events
awwwards.com,Experimental
awwwards.com,Film & Tv
awwwards.com,Food & Drink
awwwards.com,Games & Entertainment
awwwards.com,Hotel / Restaurant
awwwards.com,Institutions
awwwards.com,Luxury
awwwards.com,Magazine / Newspaper / Blog
awwwards.com,Music & Sound
awwwards.com,Other
awwwards.com,Photography
awwwards.com,Promotional
awwwards.com,Real Estate
awwwards.com,Social Responsibility
awwwards.com,Sports
awwwards.com,Startups
awwwards.com,Technology
awwwards.com,Web & Interactive
awwwards.com,Animation
awwwards.com,App Style
awwwards.com,Big Background Images
awwwards.com,Clean
awwwards.com,Colorful
awwwards.com,Content Architecture
awwwards.com,Contentful
awwwards.com,Copy Design
awwwards.com,Data Visualization
awwwards.com,Filters And Effects
awwwards.com,Flat Design
awwwards.com,Footer Design
awwwards.com,Forms And Input
awwwards.com,Fullscreen
awwwards.com,Gallery
awwwards.com,Gestures / Interaction
awwwards.com,Graphic Design
awwwards.com,Horizontal Layout
awwwards.com,Icons
awwwards.com,Infinite Scroll
awwwards.com,Menu - Horizontal
awwwards.com,Menu - Vertical
awwwards.com,Microinteractions
awwwards.com,Minimal
awwwards.com,Navigation Menu
awwwards.com,Parallax
awwwards.com,Photo & Video
awwwards.com,Photographic
awwwards.com,Portfolio
awwwards.com,Project Page
awwwards.com,Responsive
awwwards.com,Responsive Design
awwwards.com,Retro
awwwards.com,Seo
awwwards.com,Single Page
awwwards.com,Social Integration
awwwards.com,Sound-Audio
awwwards.com,Storytelling
awwwards.com,Transitions
awwwards.com,Typography
awwwards.com,Unusual Navigation
awwwards.com,Vector
awwwards.com,Video
awwwards.com,Web Fonts
awwwards.com,Next.Js
awwwards.com,Aws
awwwards.com,Adobe Illustrator
awwwards.com,Adobe Photoshop
awwwards.com,Adobe Xd
awwwards.com,After Effects
awwwards.com,Angular
awwwards.com,Anime.Js
awwwards.com,Barba.Js
awwwards.com,Backbone.Js
awwwards.com,Blender
awwwards.com,Bootstrap
awwwards.com,Css
awwwards.com,Cables
awwwards.com,Canvas Api
awwwards.com,Craft Cms
awwwards.com,Createjs
awwwards.com,Curtains.Js
awwwards.com,Datocms
awwwards.com,Debian
awwwards.com,Demandware
awwwards.com,Directus
awwwards.com,Docker
awwwards.com,Drupal
awwwards.com,Editor X
awwwards.com,Elementor
awwwards.com,Express
awwwards.com,Fastclick
awwwards.com,Firebase
awwwards.com,Flickity
awwwards.com,Font Awesome
awwwards.com,Framer Motion
awwwards.com,Glsl
awwwards.com,Gsap Animation
awwwards.com,Gatsby
awwwards.com,Go
awwwards.com,Google App Engine
awwwards.com,Google Font Api
awwwards.com,Graphql
awwwards.com,Hammer.Js
awwwards.com,Handlebars
awwwards.com,Highway.Js
awwwards.com,Hugo
awwwards.com,Ink
awwwards.com,Javascript
awwwards.com,Knockout
awwwards.com,Lambda
awwwards.com,Laravel
awwwards.com,Lo-Dash
awwwards.com,Locomotive Scroll
awwwards.com,Lottie
awwwards.com,Magento
awwwards.com,Matter.Js
awwwards.com,Mediaelement.Js
awwwards.com,Modernizr
awwwards.com,Mongodb
awwwards.com,Neos Cms
awwwards.com,Netlify
awwwards.com,Nginx
awwwards.com,Node.Js
awwwards.com,Nuxt.Js
awwwards.com,Owl Carousel
awwwards.com,Optimizely
awwwards.com,Php
awwwards.com,Pwa
awwwards.com,Pixijs
awwwards.com,Prestashop
awwwards.com,Prismic
awwwards.com,Python
awwwards.com,Raphael.Js
awwwards.com,React
awwwards.com,Readymag
awwwards.com,Redux
awwwards.com,Rellax.Js
awwwards.com,Requirejs
awwwards.com,Reveal.Js
awwwards.com,Ruby
awwwards.com,Svg
awwwards.com,Sanity
awwwards.com,Sass
awwwards.com,Sketch
awwwards.com,Skrollr.Js
awwwards.com,Snap.Svg
awwwards.com,Socket.Io
awwwards.com,Spin.Js
awwwards.com,Svelte
awwwards.com,Swiper.Js
awwwards.com,Tailwind Css
awwwards.com,Three.Js
awwwards.com,Tilda
awwwards.com,Timber
awwwards.com,Typekit
awwwards.com,Typescript
awwwards.com,Underscore.Js
awwwards.com,Unity
awwwards.com,Unreal Engine
awwwards.com,Vr
awwwards.com,Vanilla Js
awwwards.com,Varnish
awwwards.com,Velocity.Js
awwwards.com,Vercel
awwwards.com,Videojs
awwwards.com,Vue.Js
awwwards.com,Webgl
awwwards.com,Websockets
awwwards.com,Webvr
awwwards.com,Webpack
awwwards.com,Woocommerce
awwwards.com,Yepnope
awwwards.com,Zepto
awwwards.com,Jquery
awwwards.com,Tween.Js
awwwards.com,South Africa
awwwards.com,Hong Kong - Macau
awwwards.com,Costa Rica
awwwards.com,Sri Lanka
awwwards.com,French Polynesia
awwwards.com,Guernsey
awwwards.com,New Caledonia
awwwards.com,Aruba
awwwards.com,Faroe Islands
awwwards.com,Isle Of Man
awwwards.com,Puerto Rico
awwwards.com,Réunion
awwwards.com,Aeonik
awwwards.com,Arial
awwwards.com,Abc
awwwards.com,Avenir
awwwards.com,Aktiv
awwwards.com,Bebas
awwwards.com,At
awwwards.com,Apercu
awwwards.com,Basis
awwwards.com,Barlow
awwwards.com,Archivo
awwwards.com,Acumin
awwwards.com,Anton
awwwards.com,Akzidenz
awwwards.com,Assistant
awwwards.com,Akkurat
awwwards.com,Austin
awwwards.com,Baskerville
awwwards.com,Averta
awwwards.com,Adobe
awwwards.com,Adieu
awwwards.com,Almarena
awwwards.com,Beatrice
awwwards.com,Agrandir
awwwards.com,Ano
awwwards.com,Azeret Mono
awwwards.com,Basier Circle
awwwards.com,Albert Sans
awwwards.com,Antonio
awwwards.com,Arapey
awwwards.com,Archia
awwwards.com,Aventa
awwwards.com,Ayer
awwwards.com,Axiforma
awwwards.com,Bai Jamjuree
awwwards.com,Akrobat
awwwards.com,Albra
awwwards.com,Area
awwwards.com,Baskervville
awwwards.com,Baton
awwwards.com,Abril Fatface
awwwards.com,Adelle
awwwards.com,Alata
awwwards.com,Alegreya
awwwards.com,Allura
awwwards.com,Almarai
awwwards.com,Amatic Sc
awwwards.com,Ambit
awwwards.com,Americana
awwwards.com,Antarctica
awwwards.com,Area Normal
awwwards.com,Arges
awwwards.com,Arimo
awwwards.com,Bagnard
awwwards.com,Beausite Classic Web
awwwards.com,Abel
awwwards.com,Alegreya Sans
awwwards.com,Aleo
awwwards.com,Arvo
awwwards.com,Reset Filters
awwwards.com,Morphic
awwwards.com,Windows Server
awwwards.com,Cook Islands
awwwards.com,Bermuda
awwwards.com,Cayman Islands
awwwards.com,Bonaire
awwwards.com,Cape Verde
awwwards.com,Martinique
awwwards.com,Gt
awwwards.com,Founders
awwwards.com,Dm
awwwards.com,Druk
awwwards.com,Fk
awwwards.com,Circular
awwwards.com,Editorial New
awwwards.com,Fa
awwwards.com,Futura
awwwards.com,Din
awwwards.com,Canela
awwwards.com,Google Sans
awwwards.com,Cardinal Fruit
awwwards.com,Domaine
awwwards.com,Everett
awwwards.com,Formula
awwwards.com,Clash
awwwards.com,Copyright (C) H&Co | Typography.Com
awwwards.com,Garamond
awwwards.com,Gilroy
awwwards.com,Google Sans Text
awwwards.com,Benton
awwwards.com,Bulevar
awwwards.com,Cako
awwwards.com,Chakra Petch
awwwards.com,Cirka
awwwards.com,Degular
awwwards.com,Dela Gothic One
awwwards.com,Favorit
awwwards.com,Fraktion Mono
awwwards.com,Google Sans Display
awwwards.com,Biotif
awwwards.com,Bradford
awwwards.com,Calibre
awwwards.com,Casta
awwwards.com,Caveat
awwwards.com,Century
awwwards.com,Ciutadella
awwwards.com,Comfortaa
awwwards.com,Cormorant
awwwards.com,Dahlia
awwwards.com,Denim
awwwards.com,Editorialnew
awwwards.com,Formular
awwwards.com,Fraunces
awwwards.com,Freight
awwwards.com,Garnett
awwwards.com,Generalsans
awwwards.com,Gotham
awwwards.com,Bitter
awwwards.com,Blacker
awwwards.com,Bodoni
awwwards.com,Bon
awwwards.com,Borna
awwwards.com,Bricolage Grotesque
awwwards.com,Butler
awwwards.com,Bw Gradual
awwwards.com,Cabin
awwwards.com,Campton
awwwards.com,Cardo
awwwards.com,Caslon
awwwards.com,Cera
awwwards.com,Chillax
awwwards.com,Cinzel
awwwards.com,Cooper
awwwards.com,Courier
awwwards.com,Courier New
awwwards.com,Didot
awwwards.com,Eb Garamond
awwwards.com,Etmodules
awwwards.com,Electrolize
awwwards.com,Euclid
awwwards.com,Exo
awwwards.com,Feijoa
awwwards.com,Fira
awwwards.com,Flama
awwwards.com,Fragment Mono
awwwards.com,Franklin
awwwards.com,Gatwick
awwwards.com,Geist
awwwards.com,General Sans
awwwards.com,Gilda Display
awwwards.com,Gill Sans
awwwards.com,Good Sans
awwwards.com,Googlesans
awwwards.com,Grandslang
awwwards.com,Code
awwwards.com,Design
awwwards.com,Young Jury
awwwards.com,Figtree
awwwards.com,Brandon
awwwards.com,Droid Serif
awwwards.com,Charter
awwwards.com,Forum
awwwards.com,Bigilla
awwwards.com,Bodoni Moda
awwwards.com,Brown
awwwards.com,Cambon
awwwards.com,Castoro
awwwards.com,Changa One
awwwards.com,Chivo
awwwards.com,Dosis
awwwards.com,Epilogue
awwwards.com,Flaticon
awwwards.com,Font
awwwards.com,Fredoka
awwwards.com,Galano
awwwards.com,Gambetta
awwwards.com,Circe
awwwards.com,Copyright General Type Studio
awwwards.com,Crimson
awwwards.com,Dala Floda
awwwards.com,Fficons
awwwards.com,Gantari
awwwards.com,Gellix
